<?xml version="1.0" encoding="US-ASCII" standalone="yes"?>
<objectListWrapper>
    <objects>
        <objectContainer>
            <project>
                <name>Monitoring process 08-10-2018</name>
                <description></description>
                <author>nlos</author>
                <runs>
                    <run>
                        <blockSize>1</blockSize>
                        <campaign>
                            <active>true</active>
                            <businessRules/>
                            <campaignMaps>
                                <campaignMap>
                                    <blockSize>1</blockSize>
                                    <businessRule>
                                        <content># Rule.Definition={"moderationRule":false,"approveAllRule":false,"splitData":false,"splitRule":false,"splitRuleSuffix":"","joinRule":false,"joinRuleSuffix":"","streamingRule":false,"streamingRuleSuffix":"","namedRule":false,"namedRuleName":""}
package com.freedomoss.requester;

# list any import classes here.
import java.util.Map;
import java.util.ArrayList;
import com.freedomoss.objective.model.CompositeRuleContext;
import com.freedomoss.objective.model.CompositeRuleDataItemContext;
import org.slf4j.Logger;


# declare any global variables here
global CompositeRuleContext source
global Logger log
global Map params


rule "Rule context initialization"
auto-focus true
no-loop
agenda-group "initialization-group"
    when
        $ctx:CompositeRuleContext(initialized == false);
    then
        # insert processed facts into memory
        $ctx.updateWorkingMemory();
        # move to business rules
        kcontext.getKnowledgeRuntime().getAgenda().getAgendaGroup("calculation").setFocus();
end

# RuleOutcome.Definition={"outcomeId":"Yes","conditional":true,"reworkBySameWorker":false,"assignToSameWorker":false,"anableLogging":false,"sendRejectNotification":false,"assignToAnyWorker":false,"approveRelatedAssignments":false,"rejectRelatedAssignments":false,"renameAutomationAnswerItem":false,"conditions":[{"fieldName":"document_link","value":"for_loop","operator":"EQ"},{"fieldName":"document_link","value":"exit","operator":"NE"}],"customConditions":[]}
rule "1. Send records to 'Yes' when document_link EQ 'for_loop' AND document_link NE 'exit'"
agenda-group "calculation"
dialect "mvel"
salience 100
    when
        $ctx:CompositeRuleContext(initialized == true);
        $item:CompositeRuleDataItemContext();
        eval($item.checkValue("document_link", "EQ", "for_loop"));
        eval($item.checkValue("document_link", "NE", "exit"));

    then
        $ctx.sendResultTo("Yes", $item);
end

# RuleOutcome.Definition={"outcomeId":"No","conditional":true,"reworkBySameWorker":false,"assignToSameWorker":false,"anableLogging":false,"sendRejectNotification":false,"assignToAnyWorker":false,"approveRelatedAssignments":false,"rejectRelatedAssignments":false,"renameAutomationAnswerItem":false,"conditions":[{"fieldName":"document_link","value":"exit","operator":"NE"},{"fieldName":"document_link","value":"for_loop","operator":"NE"}],"customConditions":[]}
rule "2. Send records to 'No' when document_link NE 'exit' AND document_link NE 'for_loop'"
agenda-group "calculation"
dialect "mvel"
salience 100
    when
        $ctx:CompositeRuleContext(initialized == true);
        $item:CompositeRuleDataItemContext();
        eval($item.checkValue("document_link", "NE", "exit"));
        eval($item.checkValue("document_link", "NE", "for_loop"));

    then
        $ctx.sendResultTo("No", $item);
end



rule "Send unprocessed result to unconditional outcome(s)"
agenda-group "calculation"
dialect "mvel"
salience 80
    when
        $ctx:CompositeRuleContext(initialized == true);
        $item:CompositeRuleDataItemContext();
    then
        $ctx.sendResultToUnconditionalOutcomes($item, true);
end</content>
                                        <name>For monitoring</name>
                                        <ruleType>WORKFLOW_RULE</ruleType>
                                        <ruleTypeUI>Composite</ruleTypeUI>
                                        <uuid>bd065001-b2d0-4830-a278-4b85fe79fcdf</uuid>
                                        <workflowRuleMode>SIMPLE</workflowRuleMode>
                                    </businessRule>
                                    <campaign>
                                        <active>false</active>
                                        <businessRules/>
                                        <campaignMaps/>
                                        <campaigns/>
                                        <executingType>MACHINE</executingType>
                                        <goldBucketBlockSize>0</goldBucketBlockSize>
                                        <goldRatio>0</goldRatio>
                                        <goldSource>Empty</goldSource>
                                        <goldType>Percentage</goldType>
                                        <machineConfig>
                                            <answers/>
                                            <content>&lt;?xml version="1.0" encoding="UTF-8"?&gt;
&lt;config charset="UTF-8"&gt;
  
  &lt;var-def name='count_hits_ds'&gt;
    &lt;template&gt;Global_Variables&lt;/template&gt;
  &lt;/var-def&gt;
  
    &lt;var-def name='documents_ds'&gt;
    	&lt;template&gt;documents_storage&lt;/template&gt;
    &lt;/var-def&gt;
  
  &lt;datastore-transaction isolation="READ_COMMITTED"&gt;
          
    &lt;var-def name="current_processing_count"&gt;
                &lt;xpath expression="//row/monitoring_tasks_count/text()"&gt;
                    &lt;datastore name="${count_hits_ds}"&gt;
                        &lt;template&gt;select monitoring_tasks_count from @this for update &lt;/template&gt;
                    &lt;/datastore&gt;
                &lt;/xpath&gt;
            &lt;/var-def&gt;

            &lt;script&gt;&lt;![CDATA[
              simultaneouslyHitsCount = batch_size.toInt();
              currentProcessingCount = current_processing_count.toInt();
              isLimitReached = currentProcessingCount &gt;= simultaneouslyHitsCount;
			  delta = simultaneouslyHitsCount - currentProcessingCount;
          ]]&gt;&lt;/script&gt;
            &lt;case&gt;
                &lt;if condition="${!isLimitReached || simultaneouslyHitsCount == 0}"&gt;
                  &lt;var-def name='document_links_ds'&gt;
                    &lt;datastore name="${documents_ds}"&gt;
                        &lt;template&gt;select @id, document_link from @this where status='NEW' or status is null limit ${delta}&lt;/template&gt;
                    &lt;/datastore&gt;
                    &lt;/var-def&gt;
                  &lt;case&gt;
                    &lt;if condition='${document_links_ds.getWrappedObject().size()==0}'&gt;
                      &lt;export include-original-data="false"&gt;
                           &lt;single-column name='document_link' value='exit'/&gt;
                        &lt;/export&gt;
                      &lt;exit/&gt;
                    &lt;/if&gt;
                  &lt;/case&gt;
                  	&lt;script&gt;&lt;![CDATA[
                        docs_ids = new ArrayList();
                        docs = new ArrayList();
                        docs.add("for_loop");
                        for(Object doc:  document_links_ds.getWrappedObject()){
						  docs_ids.add(doc.get("ds_"+documents_ds+"_id").toString());
                          docs.add(doc.get("document_link").toString());
                        }
                        docs_ids_str = "'"+ String.join("','", docs_ids)+"'";
                        sys.defineVariable("new_current_processing_count",currentProcessingCount + docs.size()-1);
                        sys.defineVariable("startProcessing",System.currentTimeMillis());
                  	]]&gt;&lt;/script&gt;
                  	&lt;datastore name="${documents_ds}"&gt;
                        &lt;template&gt;update @this set status='IN PROCESS' where @id in (${docs_ids_str})&lt;/template&gt;
                    &lt;/datastore&gt;
                    &lt;datastore name="${count_hits_ds}"&gt;
                        &lt;template&gt;update @this set monitoring_tasks_count = '${new_current_processing_count}'&lt;/template&gt;
                    &lt;/datastore&gt;
                        &lt;export include-original-data="true"&gt;
                            &lt;multi-column list="${docs}" split-results="true"&gt;
                                &lt;put-to-column name="document_link"/&gt;
                            &lt;/multi-column&gt;
                          &lt;single-column name="start_processing"&gt;
                            &lt;var name='startProcessing'/&gt;
                          &lt;/single-column&gt;
                        &lt;/export&gt;
                &lt;/if&gt;
                &lt;else&gt;
                    &lt;export include-original-data="true"/&gt;
                &lt;/else&gt;
            &lt;/case&gt;
        &lt;/datastore-transaction&gt;
&lt;/config&gt;</content>
                                            <description></description>
                                            <includedConfigs/>
                                            <inclusionCode>69bc776b-8245-4fb9-a5be-d62472193d0c</inclusionCode>
                                            <jsonParams>{"configXMLModified":"true"}</jsonParams>
                                            <machineWorkSetting>
                                                <category>
                                                    <automation>false</automation>
                                                    <description></description>
                                                    <enabled>true</enabled>
                                                    <executingType>MACHINE</executingType>
                                                    <name>Other</name>
                                                    <private>false</private>
                                                    <publicId>dd92f240-144b-4fef-8476-4ec0acbc1105</publicId>
                                                </category>
                                                <contentType>BLANK</contentType>
                                                <description></description>
                                                <enabled>true</enabled>
                                                <name>Miscellaneous Tasks</name>
                                                <publicId>26e6e095-00bb-43fa-8c34-af0b18e71ac9</publicId>
                                                <version>
                                                    <componentUuid>26e6e095-00bb-43fa-8c34-af0b18e71ac9</componentUuid>
                                                    <incrementalVersion>1.0</incrementalVersion>
                                                    <lastInChain>true</lastInChain>
                                                    <lastModified>2017-01-13T05:06:52Z</lastModified>
                                                    <versionUuid>26e6e095-00bb-43fa-8c34-af0b18e71ac9</versionUuid>
                                                </version>
                                                <answers/>
                                                <machineWorkSettingType>BASIC</machineWorkSettingType>
                                                <template>
                                                    <content>&lt;?xml version="1.0" encoding="UTF-8"?&gt;
&lt;config charset="UTF-8"&gt;
	&lt;export include-original-data="true"&gt;
	&lt;/export&gt;
&lt;/config&gt;</content>
                                                    <name>Blank</name>
                                                    <origination>CREATED_MANUALLY</origination>
                                                    <status>ACTIVE</status>
                                                    <type>BASE_MACHINE</type>
                                                    <uuid>8f04bd99-7f51-4796-a528-d1a7c9ccfbc4</uuid>
                                                    <version>
                                                        <componentUuid>8f04bd99-7f51-4796-a528-d1a7c9ccfbc4</componentUuid>
                                                        <incrementalVersion>1.0</incrementalVersion>
                                                        <lastInChain>true</lastInChain>
                                                        <lastModified>2012-12-27T00:00:00Z</lastModified>
                                                        <versionUuid>8f04bd99-7f51-4796-a528-d1a7c9ccfbc4</versionUuid>
                                                    </version>
                                                </template>
                                            </machineWorkSetting>
                                            <machineWorkSettingType>BASIC</machineWorkSettingType>
                                            <name>Get documents fast bsh m</name>
                                            <machineConfigOptions/>
                                            <source>
                                                <availability></availability>
                                                <deleted>false</deleted>
                                                <description></description>
                                                <equallyDistributeLoad>false</equallyDistributeLoad>
                                                <name>1 thread for simultaneous</name>
                                                <prioritizeEarlierRuns>false</prioritizeEarlierRuns>
                                                <proxySettings>
                                                    <validationEnabled>true</validationEnabled>
                                                </proxySettings>
                                                <threadCount>1</threadCount>
                                                <threadsPerNode>false</threadsPerNode>
                                                <timeZone>GMT</timeZone>
                                                <tps>0</tps>
                                                <url></url>
                                                <version>
                                                    <componentUuid>14ec25f4-b1f9-4907-98ef-2a023d5d5d81</componentUuid>
                                                    <incrementalVersion>1.0</incrementalVersion>
                                                    <lastInChain>true</lastInChain>
                                                    <lastModified>2018-07-10T09:06:27Z</lastModified>
                                                    <versionUuid>d11a93c4-e6d2-41ef-8417-431a25fe1ac5</versionUuid>
                                                </version>
                                            </source>
                                            <sourceType>MANUAL</sourceType>
                                            <template>
                                                <content>&lt;?xml version="1.0" encoding="UTF-8"?&gt;
&lt;config charset="UTF-8"&gt;
	&lt;export include-original-data="true"&gt;
	&lt;/export&gt;
&lt;/config&gt;</content>
                                                <name>Blank</name>
                                                <origination>CREATED_MANUALLY</origination>
                                                <status>ACTIVE</status>
                                                <type>BASE_MACHINE</type>
                                                <uuid>8f04bd99-7f51-4796-a528-d1a7c9ccfbc4</uuid>
                                                <version>
                                                    <componentUuid>8f04bd99-7f51-4796-a528-d1a7c9ccfbc4</componentUuid>
                                                    <incrementalVersion>1.0</incrementalVersion>
                                                    <lastInChain>true</lastInChain>
                                                    <lastModified>2012-12-27T00:00:00Z</lastModified>
                                                    <versionUuid>8f04bd99-7f51-4796-a528-d1a7c9ccfbc4</versionUuid>
                                                </version>
                                            </template>
                                            <uuid>69bc776b-8245-4fb9-a5be-d62472193d0c</uuid>
                                            <version>
                                                <componentUuid>a71656f1-f6bb-45b2-a2ed-0ff4f45d8bb2</componentUuid>
                                                <incrementalVersion>1.18</incrementalVersion>
                                                <lastInChain>true</lastInChain>
                                                <lastModified>2018-10-08T09:22:47Z</lastModified>
                                                <versionUuid>b43cdea1-15dd-4b6b-a6be-36549e809801</versionUuid>
                                            </version>
                                        </machineConfig>
                                        <moderation>false</moderation>
                                        <origination>CREATED_AUTOMATICALLY</origination>
                                        <requiresData>true</requiresData>
                                        <status>ACTIVE</status>
                                        <streamComplexRunThreshold>1</streamComplexRunThreshold>
                                        <streamTimeInterval>Immediately</streamTimeInterval>
                                        <streamTimeIntervalValue>0</streamTimeIntervalValue>
                                        <streamValueType>Tasks</streamValueType>
                                        <title>Get documents fast bsh m</title>
                                        <type>SINGLE</type>
                                        <uuid>dd78f366-ac26-45de-a321-4c0853111e3c</uuid>
                                        <validWorkflow>false</validWorkflow>
                                        <version>
                                            <componentUuid>b5fe035a-4c5b-4fd8-a5da-091b77d87792</componentUuid>
                                            <incrementalVersion>1.9</incrementalVersion>
                                            <lastInChain>true</lastInChain>
                                            <lastModified>2018-10-08T09:34:50Z</lastModified>
                                            <versionUuid>765f17f5-a1d0-4fdc-98d3-7be89a31f4d8</versionUuid>
                                        </version>
                                        <workSettingBase>false</workSettingBase>
                                    </campaign>
                                    <deleted>false</deleted>
                                    <stepIndex>1</stepIndex>
                                    <stepPosition>START</stepPosition>
                                    <streamed>false</streamed>
                                    <uuid>7d0128c4-25c4-4b45-a0cc-7e8a97dc7032</uuid>
                                </campaignMap>
                                <campaignMap>
                                    <blockSize>1</blockSize>
                                    <businessRule>
                                        <content>#RuleContext.APPROVE_ALL_RULE</content>
                                        <name>Approve All</name>
                                        <ruleType>WORKFLOW_RULE</ruleType>
                                        <ruleTypeUI>Composite</ruleTypeUI>
                                        <uuid>a6803069-27f7-42fe-bfc2-b5f2f2f094ce</uuid>
                                        <workflowRuleMode>SIMPLE</workflowRuleMode>
                                    </businessRule>
                                    <campaign>
                                        <active>false</active>
                                        <businessRules/>
                                        <campaignMaps/>
                                        <campaigns/>
                                        <executingType>MACHINE</executingType>
                                        <goldBucketBlockSize>0</goldBucketBlockSize>
                                        <goldRatio>0</goldRatio>
                                        <goldSource>Empty</goldSource>
                                        <goldType>Percentage</goldType>
                                        <machineConfig>
                                            <answers/>
                                            <content>&lt;?xml version="1.0" encoding="UTF-8"?&gt;
&lt;config charset="UTF-8"&gt;
	&lt;export include-original-data="true"&gt;
	&lt;/export&gt;
&lt;/config&gt;</content>
                                            <description></description>
                                            <includedConfigs/>
                                            <inclusionCode>d5b91efd-3ed5-4b92-a8c7-6f5c20393e62</inclusionCode>
                                            <jsonParams>{"configXMLModified":"true"}</jsonParams>
                                            <machineWorkSetting>
                                                <category>
                                                    <automation>false</automation>
                                                    <description></description>
                                                    <enabled>true</enabled>
                                                    <executingType>MACHINE</executingType>
                                                    <name>Other</name>
                                                    <private>false</private>
                                                    <publicId>dd92f240-144b-4fef-8476-4ec0acbc1105</publicId>
                                                </category>
                                                <contentType>BLANK</contentType>
                                                <description></description>
                                                <enabled>true</enabled>
                                                <name>Miscellaneous Tasks</name>
                                                <publicId>26e6e095-00bb-43fa-8c34-af0b18e71ac9</publicId>
                                                <version>
                                                    <componentUuid>26e6e095-00bb-43fa-8c34-af0b18e71ac9</componentUuid>
                                                    <incrementalVersion>1.0</incrementalVersion>
                                                    <lastInChain>true</lastInChain>
                                                    <lastModified>2017-01-13T05:06:52Z</lastModified>
                                                    <versionUuid>26e6e095-00bb-43fa-8c34-af0b18e71ac9</versionUuid>
                                                </version>
                                                <answers/>
                                                <machineWorkSettingType>BASIC</machineWorkSettingType>
                                                <template>
                                                    <content>&lt;?xml version="1.0" encoding="UTF-8"?&gt;
&lt;config charset="UTF-8"&gt;
	&lt;export include-original-data="true"&gt;
	&lt;/export&gt;
&lt;/config&gt;</content>
                                                    <name>Blank</name>
                                                    <origination>CREATED_MANUALLY</origination>
                                                    <status>ACTIVE</status>
                                                    <type>BASE_MACHINE</type>
                                                    <uuid>8f04bd99-7f51-4796-a528-d1a7c9ccfbc4</uuid>
                                                    <version>
                                                        <componentUuid>8f04bd99-7f51-4796-a528-d1a7c9ccfbc4</componentUuid>
                                                        <incrementalVersion>1.0</incrementalVersion>
                                                        <lastInChain>true</lastInChain>
                                                        <lastModified>2012-12-27T00:00:00Z</lastModified>
                                                        <versionUuid>8f04bd99-7f51-4796-a528-d1a7c9ccfbc4</versionUuid>
                                                    </version>
                                                </template>
                                            </machineWorkSetting>
                                            <machineWorkSettingType>BASIC</machineWorkSettingType>
                                            <name>Wait for iteration fast bsh m</name>
                                            <machineConfigOptions/>
                                            <sourceType>MANUAL</sourceType>
                                            <template>
                                                <content>&lt;?xml version="1.0" encoding="UTF-8"?&gt;
&lt;config charset="UTF-8"&gt;
	&lt;export include-original-data="true"&gt;
	&lt;/export&gt;
&lt;/config&gt;</content>
                                                <name>Blank</name>
                                                <origination>CREATED_MANUALLY</origination>
                                                <status>ACTIVE</status>
                                                <type>BASE_MACHINE</type>
                                                <uuid>8f04bd99-7f51-4796-a528-d1a7c9ccfbc4</uuid>
                                                <version>
                                                    <componentUuid>8f04bd99-7f51-4796-a528-d1a7c9ccfbc4</componentUuid>
                                                    <incrementalVersion>1.0</incrementalVersion>
                                                    <lastInChain>true</lastInChain>
                                                    <lastModified>2012-12-27T00:00:00Z</lastModified>
                                                    <versionUuid>8f04bd99-7f51-4796-a528-d1a7c9ccfbc4</versionUuid>
                                                </version>
                                            </template>
                                            <uuid>d5b91efd-3ed5-4b92-a8c7-6f5c20393e62</uuid>
                                            <version>
                                                <componentUuid>600a3415-0d7a-4374-8fcf-c5d7566b5616</componentUuid>
                                                <incrementalVersion>1.0</incrementalVersion>
                                                <lastInChain>true</lastInChain>
                                                <lastModified>2018-10-02T09:40:04Z</lastModified>
                                                <versionUuid>48629d6a-c570-4f3e-95aa-3b4cb3fa82eb</versionUuid>
                                            </version>
                                        </machineConfig>
                                        <moderation>false</moderation>
                                        <origination>CREATED_AUTOMATICALLY</origination>
                                        <requiresData>true</requiresData>
                                        <status>ACTIVE</status>
                                        <streamComplexRunThreshold>1</streamComplexRunThreshold>
                                        <streamTimeInterval>Immediately</streamTimeInterval>
                                        <streamTimeIntervalValue>0</streamTimeIntervalValue>
                                        <streamValueType>Tasks</streamValueType>
                                        <title>Wait for iteration fast bsh m</title>
                                        <type>SINGLE</type>
                                        <uuid>0beed32f-3d0e-422d-b95f-62d5d7a4aa16</uuid>
                                        <validWorkflow>false</validWorkflow>
                                        <version>
                                            <componentUuid>8de91a08-e29e-4fe3-b45b-22fd0efae071</componentUuid>
                                            <incrementalVersion>1.0</incrementalVersion>
                                            <lastInChain>true</lastInChain>
                                            <lastModified>2018-10-02T09:40:04Z</lastModified>
                                            <versionUuid>53ee91d1-0139-4c58-ba35-992ee6c8db4e</versionUuid>
                                        </version>
                                        <workSettingBase>false</workSettingBase>
                                    </campaign>
                                    <deleted>false</deleted>
                                    <stepIndex>2</stepIndex>
                                    <stepPosition>INTERMEDIATE</stepPosition>
                                    <streamed>false</streamed>
                                    <uuid>38ab2097-05c3-40a3-a9a7-994c13308640</uuid>
                                </campaignMap>
                                <campaignMap>
                                    <blockSize>1</blockSize>
                                    <businessRule>
                                        <content>#RuleContext.APPROVE_ALL_RULE</content>
                                        <name>Approve All</name>
                                        <ruleType>WORKFLOW_RULE</ruleType>
                                        <ruleTypeUI>Composite</ruleTypeUI>
                                        <uuid>30128433-87ac-4863-c054-4943a15f617b</uuid>
                                        <workflowRuleMode>SIMPLE</workflowRuleMode>
                                    </businessRule>
                                    <campaign>
                                        <active>false</active>
                                        <businessRules/>
                                        <campaignMaps/>
                                        <campaigns/>
                                        <executingType>MACHINE</executingType>
                                        <goldBucketBlockSize>0</goldBucketBlockSize>
                                        <goldRatio>0</goldRatio>
                                        <goldSource>Empty</goldSource>
                                        <goldType>Percentage</goldType>
                                        <machineConfig>
                                            <answers/>
                                            <content>&lt;?xml version="1.0" encoding="UTF-8"?&gt;
&lt;config charset="UTF-8"&gt;
	&lt;export include-original-data="true"&gt;&lt;/export&gt;
&lt;/config&gt;</content>
                                            <description></description>
                                            <includedConfigs/>
                                            <inclusionCode>9f62e483-0df1-4bbd-8dc6-433c4b04e422</inclusionCode>
                                            <jsonParams>{"configXMLModified":"true"}</jsonParams>
                                            <machineWorkSetting>
                                                <category>
                                                    <automation>false</automation>
                                                    <description></description>
                                                    <enabled>true</enabled>
                                                    <executingType>MACHINE</executingType>
                                                    <name>Other</name>
                                                    <private>false</private>
                                                    <publicId>dd92f240-144b-4fef-8476-4ec0acbc1105</publicId>
                                                </category>
                                                <contentType>BLANK</contentType>
                                                <description></description>
                                                <enabled>true</enabled>
                                                <name>Miscellaneous Tasks</name>
                                                <publicId>26e6e095-00bb-43fa-8c34-af0b18e71ac9</publicId>
                                                <version>
                                                    <componentUuid>26e6e095-00bb-43fa-8c34-af0b18e71ac9</componentUuid>
                                                    <incrementalVersion>1.0</incrementalVersion>
                                                    <lastInChain>true</lastInChain>
                                                    <lastModified>2017-01-13T05:06:52Z</lastModified>
                                                    <versionUuid>26e6e095-00bb-43fa-8c34-af0b18e71ac9</versionUuid>
                                                </version>
                                                <answers/>
                                                <machineWorkSettingType>BASIC</machineWorkSettingType>
                                                <template>
                                                    <content>&lt;?xml version="1.0" encoding="UTF-8"?&gt;
&lt;config charset="UTF-8"&gt;
	&lt;export include-original-data="true"&gt;
	&lt;/export&gt;
&lt;/config&gt;</content>
                                                    <name>Blank</name>
                                                    <origination>CREATED_MANUALLY</origination>
                                                    <status>ACTIVE</status>
                                                    <type>BASE_MACHINE</type>
                                                    <uuid>8f04bd99-7f51-4796-a528-d1a7c9ccfbc4</uuid>
                                                    <version>
                                                        <componentUuid>8f04bd99-7f51-4796-a528-d1a7c9ccfbc4</componentUuid>
                                                        <incrementalVersion>1.0</incrementalVersion>
                                                        <lastInChain>true</lastInChain>
                                                        <lastModified>2012-12-27T00:00:00Z</lastModified>
                                                        <versionUuid>8f04bd99-7f51-4796-a528-d1a7c9ccfbc4</versionUuid>
                                                    </version>
                                                </template>
                                            </machineWorkSetting>
                                            <machineWorkSettingType>BASIC</machineWorkSettingType>
                                            <name>Empty fast bsh m</name>
                                            <machineConfigOptions/>
                                            <source>
                                                <availability></availability>
                                                <deleted>false</deleted>
                                                <description></description>
                                                <equallyDistributeLoad>false</equallyDistributeLoad>
                                                <name>50-thereads-ah</name>
                                                <prioritizeEarlierRuns>false</prioritizeEarlierRuns>
                                                <proxySettings>
                                                    <validationEnabled>true</validationEnabled>
                                                </proxySettings>
                                                <threadCount>50</threadCount>
                                                <threadsPerNode>false</threadsPerNode>
                                                <timeZone>GMT</timeZone>
                                                <tps>0</tps>
                                                <url></url>
                                                <version>
                                                    <componentUuid>7abc9ac2-fa8f-4083-b754-777d5953aa84</componentUuid>
                                                    <incrementalVersion>1.0</incrementalVersion>
                                                    <lastInChain>true</lastInChain>
                                                    <lastModified>2018-09-14T12:04:10Z</lastModified>
                                                    <versionUuid>b6aea136-a2db-49a6-a6fb-48dc4c7ae4cc</versionUuid>
                                                </version>
                                            </source>
                                            <sourceType>MANUAL</sourceType>
                                            <template>
                                                <content>&lt;?xml version="1.0" encoding="UTF-8"?&gt;
&lt;config charset="UTF-8"&gt;
	&lt;export include-original-data="true"&gt;
	&lt;/export&gt;
&lt;/config&gt;</content>
                                                <name>Blank</name>
                                                <origination>CREATED_MANUALLY</origination>
                                                <status>ACTIVE</status>
                                                <type>BASE_MACHINE</type>
                                                <uuid>8f04bd99-7f51-4796-a528-d1a7c9ccfbc4</uuid>
                                                <version>
                                                    <componentUuid>8f04bd99-7f51-4796-a528-d1a7c9ccfbc4</componentUuid>
                                                    <incrementalVersion>1.0</incrementalVersion>
                                                    <lastInChain>true</lastInChain>
                                                    <lastModified>2012-12-27T00:00:00Z</lastModified>
                                                    <versionUuid>8f04bd99-7f51-4796-a528-d1a7c9ccfbc4</versionUuid>
                                                </version>
                                            </template>
                                            <uuid>9f62e483-0df1-4bbd-8dc6-433c4b04e422</uuid>
                                            <version>
                                                <componentUuid>3cafeb59-ccf8-4ca4-bf15-f6f0fff6ed5f</componentUuid>
                                                <incrementalVersion>1.2</incrementalVersion>
                                                <lastInChain>true</lastInChain>
                                                <lastModified>2018-10-02T11:51:31Z</lastModified>
                                                <versionUuid>ee138721-4725-4b4d-b765-8bf8b514878d</versionUuid>
                                            </version>
                                        </machineConfig>
                                        <moderation>false</moderation>
                                        <origination>CREATED_AUTOMATICALLY</origination>
                                        <requiresData>true</requiresData>
                                        <status>ACTIVE</status>
                                        <streamComplexRunThreshold>1</streamComplexRunThreshold>
                                        <streamTimeInterval>Immediately</streamTimeInterval>
                                        <streamTimeIntervalValue>0</streamTimeIntervalValue>
                                        <streamValueType>Tasks</streamValueType>
                                        <title>Empty fast bsh m</title>
                                        <type>SINGLE</type>
                                        <uuid>27b07a20-fdda-44b8-8b8a-3afd7954747f</uuid>
                                        <validWorkflow>false</validWorkflow>
                                        <version>
                                            <componentUuid>6b7cec17-915b-4d73-911c-47a6d4fb5242</componentUuid>
                                            <incrementalVersion>1.1</incrementalVersion>
                                            <lastInChain>true</lastInChain>
                                            <lastModified>2018-10-02T11:51:31Z</lastModified>
                                            <versionUuid>c1c4a412-b597-4637-a8e7-c439abc3cba2</versionUuid>
                                        </version>
                                        <workSettingBase>false</workSettingBase>
                                    </campaign>
                                    <deleted>false</deleted>
                                    <stepIndex>3</stepIndex>
                                    <stepPosition>INTERMEDIATE</stepPosition>
                                    <streamed>false</streamed>
                                    <uuid>2e3ac5c7-2b01-4d43-9ec8-7071f27a2733</uuid>
                                </campaignMap>
                                <campaignMap>
                                    <blockSize>1</blockSize>
                                    <businessRule>
                                        <content>#RuleContext.APPROVE_ALL_RULE</content>
                                        <name>Approve All</name>
                                        <ruleType>WORKFLOW_RULE</ruleType>
                                        <ruleTypeUI>Composite</ruleTypeUI>
                                        <uuid>94780a9b-eb19-48dd-a8ad-88a3ca9a8b2f</uuid>
                                        <workflowRuleMode>SIMPLE</workflowRuleMode>
                                    </businessRule>
                                    <campaign>
                                        <active>false</active>
                                        <businessRules/>
                                        <campaignMaps/>
                                        <campaigns/>
                                        <executingType>MACHINE</executingType>
                                        <goldBucketBlockSize>0</goldBucketBlockSize>
                                        <goldRatio>0</goldRatio>
                                        <goldSource>Empty</goldSource>
                                        <goldType>Percentage</goldType>
                                        <machineConfig>
                                            <answers/>
                                            <content>&lt;?xml version="1.0" encoding="UTF-8"?&gt;
&lt;config charset="UTF-8"&gt;
    &lt;var-def name='count_hits_ds'&gt;
    &lt;template&gt;Global_Variables&lt;/template&gt;
  &lt;/var-def&gt;
  &lt;script&gt;&lt;![CDATA[
		sys.defineVariable("finish_processing",System.currentTimeMillis());
	]]&gt;&lt;/script&gt;
    &lt;datastore-transaction isolation="READ_COMMITTED"&gt;

                  &lt;var-def name="current_processing_count"&gt;
                &lt;xpath expression="//row/monitoring_tasks_count/text()"&gt;
                    &lt;datastore name="${count_hits_ds}"&gt;
                        &lt;template&gt;select monitoring_tasks_count from @this for update &lt;/template&gt;
                    &lt;/datastore&gt;
                &lt;/xpath&gt;
            &lt;/var-def&gt;

            &lt;script&gt;&lt;![CDATA[
			currentHitsCount = current_processing_count.toInt() - 1;
		]]&gt;&lt;/script&gt;

            &lt;datastore name="${count_hits_ds}"&gt;
                &lt;template&gt;update @this set monitoring_tasks_count='${currentHitsCount}'&lt;/template&gt;
            &lt;/datastore&gt;
        &lt;/datastore-transaction&gt;
	&lt;export include-original-data="true"&gt;
      &lt;single-column name='finish_processing'&gt;
        &lt;var name='finish_processing'/&gt;
      &lt;/single-column&gt;
	&lt;/export&gt;
&lt;/config&gt;</content>
                                            <description></description>
                                            <includedConfigs/>
                                            <inclusionCode>be497acc-dd6a-4c8b-b519-7d720dddebb6</inclusionCode>
                                            <jsonParams>{"configXMLModified":"true"}</jsonParams>
                                            <machineWorkSetting>
                                                <category>
                                                    <automation>false</automation>
                                                    <description></description>
                                                    <enabled>true</enabled>
                                                    <executingType>MACHINE</executingType>
                                                    <name>Other</name>
                                                    <private>false</private>
                                                    <publicId>dd92f240-144b-4fef-8476-4ec0acbc1105</publicId>
                                                </category>
                                                <contentType>BLANK</contentType>
                                                <description></description>
                                                <enabled>true</enabled>
                                                <name>Miscellaneous Tasks</name>
                                                <publicId>26e6e095-00bb-43fa-8c34-af0b18e71ac9</publicId>
                                                <version>
                                                    <componentUuid>26e6e095-00bb-43fa-8c34-af0b18e71ac9</componentUuid>
                                                    <incrementalVersion>1.0</incrementalVersion>
                                                    <lastInChain>true</lastInChain>
                                                    <lastModified>2017-01-13T05:06:52Z</lastModified>
                                                    <versionUuid>26e6e095-00bb-43fa-8c34-af0b18e71ac9</versionUuid>
                                                </version>
                                                <answers/>
                                                <machineWorkSettingType>BASIC</machineWorkSettingType>
                                                <template>
                                                    <content>&lt;?xml version="1.0" encoding="UTF-8"?&gt;
&lt;config charset="UTF-8"&gt;
	&lt;export include-original-data="true"&gt;
	&lt;/export&gt;
&lt;/config&gt;</content>
                                                    <name>Blank</name>
                                                    <origination>CREATED_MANUALLY</origination>
                                                    <status>ACTIVE</status>
                                                    <type>BASE_MACHINE</type>
                                                    <uuid>8f04bd99-7f51-4796-a528-d1a7c9ccfbc4</uuid>
                                                    <version>
                                                        <componentUuid>8f04bd99-7f51-4796-a528-d1a7c9ccfbc4</componentUuid>
                                                        <incrementalVersion>1.0</incrementalVersion>
                                                        <lastInChain>true</lastInChain>
                                                        <lastModified>2012-12-27T00:00:00Z</lastModified>
                                                        <versionUuid>8f04bd99-7f51-4796-a528-d1a7c9ccfbc4</versionUuid>
                                                    </version>
                                                </template>
                                            </machineWorkSetting>
                                            <machineWorkSettingType>BASIC</machineWorkSettingType>
                                            <name>Decrease count of simultaneous runs fast bsh m</name>
                                            <machineConfigOptions/>
                                            <sourceType>MANUAL</sourceType>
                                            <template>
                                                <content>&lt;?xml version="1.0" encoding="UTF-8"?&gt;
&lt;config charset="UTF-8"&gt;
	&lt;export include-original-data="true"&gt;
	&lt;/export&gt;
&lt;/config&gt;</content>
                                                <name>Blank</name>
                                                <origination>CREATED_MANUALLY</origination>
                                                <status>ACTIVE</status>
                                                <type>BASE_MACHINE</type>
                                                <uuid>8f04bd99-7f51-4796-a528-d1a7c9ccfbc4</uuid>
                                                <version>
                                                    <componentUuid>8f04bd99-7f51-4796-a528-d1a7c9ccfbc4</componentUuid>
                                                    <incrementalVersion>1.0</incrementalVersion>
                                                    <lastInChain>true</lastInChain>
                                                    <lastModified>2012-12-27T00:00:00Z</lastModified>
                                                    <versionUuid>8f04bd99-7f51-4796-a528-d1a7c9ccfbc4</versionUuid>
                                                </version>
                                            </template>
                                            <uuid>be497acc-dd6a-4c8b-b519-7d720dddebb6</uuid>
                                            <version>
                                                <componentUuid>dcf4d87a-55b1-430a-a5ca-0b8ae9420969</componentUuid>
                                                <incrementalVersion>1.12</incrementalVersion>
                                                <lastInChain>true</lastInChain>
                                                <lastModified>2018-10-08T09:22:56Z</lastModified>
                                                <versionUuid>4736f1b1-ac90-4bd3-8fed-d2f6d8ebb93f</versionUuid>
                                            </version>
                                        </machineConfig>
                                        <moderation>false</moderation>
                                        <origination>CREATED_AUTOMATICALLY</origination>
                                        <requiresData>true</requiresData>
                                        <status>ACTIVE</status>
                                        <streamComplexRunThreshold>1</streamComplexRunThreshold>
                                        <streamTimeInterval>Immediately</streamTimeInterval>
                                        <streamTimeIntervalValue>0</streamTimeIntervalValue>
                                        <streamValueType>Tasks</streamValueType>
                                        <title>Decrease count of simultaneous runs fast bsh m</title>
                                        <type>SINGLE</type>
                                        <uuid>4397582c-4c04-4e86-8344-9ffe2d00bba4</uuid>
                                        <validWorkflow>false</validWorkflow>
                                        <version>
                                            <componentUuid>e2ddebaa-e84a-4bbc-a50d-a905cf4e046f</componentUuid>
                                            <incrementalVersion>1.8</incrementalVersion>
                                            <lastInChain>true</lastInChain>
                                            <lastModified>2018-10-08T09:34:50Z</lastModified>
                                            <versionUuid>755ff4f3-8407-4183-a3bf-b7e3809a9872</versionUuid>
                                        </version>
                                        <workSettingBase>false</workSettingBase>
                                    </campaign>
                                    <deleted>false</deleted>
                                    <stepIndex>4</stepIndex>
                                    <stepPosition>INTERMEDIATE</stepPosition>
                                    <streamed>false</streamed>
                                    <uuid>bafae380-7b41-4f87-bd76-da50fc261e78</uuid>
                                </campaignMap>
                                <campaignMap>
                                    <businessRule>
                                        <content>package com.freedomoss.requester;

#list any import classes here.
import com.freedomoss.objective.model.CompositeRuleContext;
import com.freedomoss.objective.model.CompositeRuleDataItemContext;
import com.freedomoss.requester.model.AwsHitQuestionItem;
import com.freedomoss.requester.model.AwsHitQuestionAnswerItem;
import org.slf4j.Logger;
import java.util.Map;
import java.util.Iterator;
import java.util.List;
import java.util.Set;
import java.util.ArrayList;
import com.freedomoss.requester.dto.SubmissionResultDTO;

#declare any global variables here
global CompositeRuleContext source
global Logger log
global Map params



rule "Rule context initialization"
auto-focus true
no-loop
dialect "mvel"
agenda-group "initialization-group"
	when
		$ctx:CompositeRuleContext(initialized == false);
	then
		$ctx.updateWorkingMemory();
		# move to business rules
		$ctx.logExecutedRule(kcontext.getRule().getName());
		kcontext.getKnowledgeRuntime().getAgenda().getAgendaGroup("calculation").setFocus();
end</content>
                                        <name>Business Process: End Rule</name>
                                        <ruleType>WORKFLOW_RULE</ruleType>
                                        <uuid>11738326-1e98-40a9-b456-b9c427fb4e2b</uuid>
                                        <workflowRuleMode>ADVANCED</workflowRuleMode>
                                    </businessRule>
                                    <campaign>
                                        <active>false</active>
                                        <businessRules/>
                                        <campaignMaps/>
                                        <campaigns/>
                                        <executingType>MACHINE</executingType>
                                        <goldBucketBlockSize>0</goldBucketBlockSize>
                                        <goldRatio>0</goldRatio>
                                        <goldSource>Empty</goldSource>
                                        <goldType>Percentage</goldType>
                                        <machineConfig>
                                            <answers/>
                                            <content>&lt;?xml version="1.0" encoding="UTF-8"?&gt;
&lt;config charset="UTF-8"&gt;
  
      &lt;var-def name="exportType"&gt;
        &lt;case&gt;
          &lt;if condition='${sys.isVariableDefined("_sys_export_type")}'&gt;
           &lt;template&gt;${_sys_export_type}&lt;/template&gt;
          &lt;/if&gt;
        &lt;else&gt;csv&lt;/else&gt;
      &lt;/case&gt;
    &lt;/var-def&gt;
    
    &lt;var-def name="exportColumns"&gt;
        &lt;case&gt;
          &lt;if condition='${sys.isVariableDefined("_sys_export_columns")}'&gt;
            &lt;template&gt;${_sys_export_columns}&lt;/template&gt;
          &lt;/if&gt;
        &lt;else&gt;&lt;/else&gt;
      &lt;/case&gt;
    &lt;/var-def&gt;
    
    &lt;var-def name="columnNameCase"&gt;
        &lt;case&gt;
          &lt;if condition='${sys.isVariableDefined("_sys_column_name_case")}'&gt;
             &lt;template&gt;${_sys_column_name_case}&lt;/template&gt;
          &lt;/if&gt;
        &lt;else&gt;keep&lt;/else&gt;
      &lt;/case&gt;
    &lt;/var-def&gt;    
    
    &lt;var-def name="dataOnly"&gt;
        &lt;case&gt;
          &lt;if condition='${sys.isVariableDefined("_sys_data_only")}'&gt;
            &lt;template&gt;${_sys_data_only}&lt;/template&gt;
          &lt;/if&gt;
        &lt;else&gt;true&lt;/else&gt;
      &lt;/case&gt;
    &lt;/var-def&gt;    
  
    &lt;export include-original-data="true" 
            export-type="${exportType}" 
            export-columns="${exportColumns}" 
            column-name-case="${columnNameCase}" 
            data-only="${dataOnly}"&gt;
    &lt;/export&gt;
&lt;/config&gt;</content>
                                            <description>Default machine campaign for end step.</description>
                                            <includedConfigs/>
                                            <inclusionCode>9e5000e3-c243-42d3-b5ad-c6ac90dec35e</inclusionCode>
                                            <machineWorkSetting>
                                                <category>
                                                    <automation>false</automation>
                                                    <description></description>
                                                    <enabled>true</enabled>
                                                    <executingType>MACHINE</executingType>
                                                    <name>Other</name>
                                                    <private>false</private>
                                                    <publicId>dd92f240-144b-4fef-8476-4ec0acbc1105</publicId>
                                                </category>
                                                <contentType>BLANK</contentType>
                                                <description></description>
                                                <enabled>true</enabled>
                                                <name>Miscellaneous Tasks</name>
                                                <publicId>26e6e095-00bb-43fa-8c34-af0b18e71ac9</publicId>
                                                <version>
                                                    <componentUuid>26e6e095-00bb-43fa-8c34-af0b18e71ac9</componentUuid>
                                                    <incrementalVersion>1.0</incrementalVersion>
                                                    <lastInChain>true</lastInChain>
                                                    <lastModified>2017-01-13T05:06:52Z</lastModified>
                                                    <versionUuid>26e6e095-00bb-43fa-8c34-af0b18e71ac9</versionUuid>
                                                </version>
                                                <answers/>
                                                <machineWorkSettingType>BASIC</machineWorkSettingType>
                                                <template>
                                                    <content>&lt;?xml version="1.0" encoding="UTF-8"?&gt;
&lt;config charset="UTF-8"&gt;
	&lt;export include-original-data="true"&gt;
	&lt;/export&gt;
&lt;/config&gt;</content>
                                                    <name>Blank</name>
                                                    <origination>CREATED_MANUALLY</origination>
                                                    <status>ACTIVE</status>
                                                    <type>BASE_MACHINE</type>
                                                    <uuid>8f04bd99-7f51-4796-a528-d1a7c9ccfbc4</uuid>
                                                    <version>
                                                        <componentUuid>8f04bd99-7f51-4796-a528-d1a7c9ccfbc4</componentUuid>
                                                        <incrementalVersion>1.0</incrementalVersion>
                                                        <lastInChain>true</lastInChain>
                                                        <lastModified>2012-12-27T00:00:00Z</lastModified>
                                                        <versionUuid>8f04bd99-7f51-4796-a528-d1a7c9ccfbc4</versionUuid>
                                                    </version>
                                                </template>
                                            </machineWorkSetting>
                                            <name>Final Results</name>
                                            <machineConfigOptions/>
                                            <sourceType>MANUAL</sourceType>
                                            <template>
                                                <content>&lt;?xml version="1.0" encoding="UTF-8"?&gt;
&lt;config charset="UTF-8"&gt;
	&lt;export include-original-data="true"&gt;
	&lt;/export&gt;
&lt;/config&gt;</content>
                                                <name>Blank</name>
                                                <origination>CREATED_MANUALLY</origination>
                                                <status>ACTIVE</status>
                                                <type>BASE_MACHINE</type>
                                                <uuid>8f04bd99-7f51-4796-a528-d1a7c9ccfbc4</uuid>
                                                <version>
                                                    <componentUuid>8f04bd99-7f51-4796-a528-d1a7c9ccfbc4</componentUuid>
                                                    <incrementalVersion>1.0</incrementalVersion>
                                                    <lastInChain>true</lastInChain>
                                                    <lastModified>2012-12-27T00:00:00Z</lastModified>
                                                    <versionUuid>8f04bd99-7f51-4796-a528-d1a7c9ccfbc4</versionUuid>
                                                </version>
                                            </template>
                                            <uuid>9e5000e3-c243-42d3-b5ad-c6ac90dec35e</uuid>
                                            <version>
                                                <componentUuid>9e5000e3-c243-42d3-b5ad-c6ac90dec35e</componentUuid>
                                                <incrementalVersion>1.0</incrementalVersion>
                                                <lastInChain>true</lastInChain>
                                                <lastModified>2018-02-16T06:14:55Z</lastModified>
                                                <versionUuid>9fed629e-130a-11e8-b2be-0699bfefed4c</versionUuid>
                                            </version>
                                        </machineConfig>
                                        <moderation>false</moderation>
                                        <origination>CREATED_AUTOMATICALLY</origination>
                                        <requiresData>true</requiresData>
                                        <status>ACTIVE</status>
                                        <streamComplexRunThreshold>100</streamComplexRunThreshold>
                                        <streamTimeInterval>Immediately</streamTimeInterval>
                                        <streamTimeIntervalValue>0</streamTimeIntervalValue>
                                        <streamValueType>Percents</streamValueType>
                                        <title>Final Results</title>
                                        <type>SINGLE</type>
                                        <uuid>af4c8905-26dd-4120-b208-39ad3530ffc6</uuid>
                                        <validWorkflow>false</validWorkflow>
                                        <version>
                                            <componentUuid>9f959aca-130a-11e8-b2be-0699bfefed4c</componentUuid>
                                            <incrementalVersion>1.0</incrementalVersion>
                                            <lastInChain>true</lastInChain>
                                            <lastModified>2018-02-16T06:14:55Z</lastModified>
                                            <versionUuid>9fed6bd2-130a-11e8-b2be-0699bfefed4c</versionUuid>
                                        </version>
                                        <workSettingBase>false</workSettingBase>
                                    </campaign>
                                    <deleted>false</deleted>
                                    <stepIndex>5</stepIndex>
                                    <stepPosition>END</stepPosition>
                                    <streamed>false</streamed>
                                    <uuid>c8e8084f-56da-4a0d-94cf-2d56125405b6</uuid>
                                </campaignMap>
                            </campaignMaps>
                            <campaigns/>
                            <compositeCampaignVersion>NEW_WORKFLOW</compositeCampaignVersion>
                            <compositeStructureXml>&lt;mxGraphModel&gt;&lt;root&gt;&lt;mxCell id="0"/&gt;&lt;mxCell id="1" parent="0"/&gt;&lt;Start id="2" name="Start" type="start"&gt;&lt;mxCell parent="1" style="start" vertex="1"&gt;&lt;mxGeometry as="geometry" height="32.0" width="32.0" x="100.0" y="50.0"/&gt;&lt;/mxCell&gt;&lt;/Start&gt;&lt;End campaignMapUUID="c8e8084f-56da-4a0d-94cf-2d56125405b6" id="3" name="End" type="end"&gt;&lt;mxCell parent="1" style="end" vertex="1"&gt;&lt;mxGeometry as="geometry" height="32.0" width="32.0" x="960.0" y="360.0"/&gt;&lt;/mxCell&gt;&lt;/End&gt;&lt;MachineTask campaignMapUUID="7d0128c4-25c4-4b45-a0cc-7e8a97dc7032" id="4" label="Get documents fast bsh m" name="Get documents fast bsh m" taskUUID="dd78f366-ac26-45de-a321-4c0853111e3c" type="machine_task"&gt;&lt;mxCell parent="1" style="machine_task" vertex="1"&gt;&lt;mxGeometry as="geometry" height="60.0" width="160.0" x="280.3999938964844" y="36.399993896484375"/&gt;&lt;/mxCell&gt;&lt;/MachineTask&gt;&lt;Link id="5" name="" type="link"&gt;&lt;mxCell edge="1" parent="1" source="2" style="link" target="4"&gt;&lt;mxGeometry as="geometry" relative="1" x="0.5" y="10.0"/&gt;&lt;/mxCell&gt;&lt;/Link&gt;&lt;Link id="6" name="" outcomeId="ApproveAll" ruleUUID="a2c991ba-1166-4a01-b5b4-ca272925cbaa" type="link"&gt;&lt;mxCell edge="1" parent="1" source="4" style="link" target="8"&gt;&lt;mxGeometry as="geometry" relative="1" x="0.5" y="10.0"&gt;&lt;Array as="points"/&gt;&lt;/mxGeometry&gt;&lt;/mxCell&gt;&lt;/Link&gt;&lt;MachineTask campaignMapUUID="38ab2097-05c3-40a3-a9a7-994c13308640" id="7" name="Wait for iteration fast bsh m" taskUUID="0beed32f-3d0e-422d-b95f-62d5d7a4aa16" type="machine_task"&gt;&lt;mxCell parent="1" style="machine_task" vertex="1"&gt;&lt;mxGeometry as="geometry" height="60.0" width="160.0" x="280.8000183105469" y="200.39999389648438"/&gt;&lt;/mxCell&gt;&lt;/MachineTask&gt;&lt;Rule id="8" name="For monitoring" ruleUUID="bd065001-b2d0-4830-a278-4b85fe79fcdf" type="rule"&gt;&lt;mxCell parent="1" style="rule" vertex="1"&gt;&lt;mxGeometry as="geometry" height="32.0" width="32.0" x="590.0" y="50.0"/&gt;&lt;/mxCell&gt;&lt;/Rule&gt;&lt;Link conditional="true" id="9" label="Yes" name="" outcomeId="Yes" ruleUUID="bd065001-b2d0-4830-a278-4b85fe79fcdf" type="link"&gt;&lt;mxCell edge="1" parent="1" source="8" style="link" target="7"&gt;&lt;mxGeometry as="geometry"&gt;&lt;mxPoint as="targetPoint" x="470.0" y="331.0"/&gt;&lt;Array as="points"&gt;&lt;mxPoint x="600.0" y="230.0"/&gt;&lt;/Array&gt;&lt;mxPoint as="offset" x="50.0" y="64.0"/&gt;&lt;/mxGeometry&gt;&lt;/mxCell&gt;&lt;/Link&gt;&lt;Link conditional="true" id="10" label="No" name="" outcomeId="No" ruleUUID="bd065001-b2d0-4830-a278-4b85fe79fcdf" type="link"&gt;&lt;mxCell edge="1" parent="1" source="8" style="link" target="16"&gt;&lt;mxGeometry as="geometry"&gt;&lt;mxPoint as="targetPoint" x="899.5999450683594" y="58.60003662109375"/&gt;&lt;Array as="points"/&gt;&lt;mxPoint as="offset" x="-106.0" y="-6.0"/&gt;&lt;/mxGeometry&gt;&lt;/mxCell&gt;&lt;/Link&gt;&lt;Link id="11" name="" outcome="ApproveAll" outcomeId="ApproveAll" ruleUUID="a6803069-27f7-42fe-bfc2-b5f2f2f094ce" type="link"&gt;&lt;mxCell edge="1" parent="1" source="7" style="link" target="4"&gt;&lt;mxGeometry as="geometry" relative="1" x="0.5" y="10.0"/&gt;&lt;/mxCell&gt;&lt;/Link&gt;&lt;MachineTask campaignMapUUID="2e3ac5c7-2b01-4d43-9ec8-7071f27a2733" id="16" name="Empty fast bsh m" taskUUID="27b07a20-fdda-44b8-8b8a-3afd7954747f" type="machine_task"&gt;&lt;mxCell parent="1" style="machine_task" vertex="1"&gt;&lt;mxGeometry as="geometry" height="60.0" width="160.0" x="896.2000427246094" y="36.399993896484375"/&gt;&lt;/mxCell&gt;&lt;/MachineTask&gt;&lt;Link id="17" name="" outcome="ApproveAll" outcomeId="ApproveAll" ruleUUID="30128433-87ac-4863-c054-4943a15f617b" type="link"&gt;&lt;mxCell edge="1" parent="1" source="16" style="link" target="18"&gt;&lt;mxGeometry as="geometry" relative="1" x="0.5" y="10.0"&gt;&lt;mxPoint as="targetPoint" x="976.2000427246094" y="270.3999938964844"/&gt;&lt;Array as="points"/&gt;&lt;/mxGeometry&gt;&lt;/mxCell&gt;&lt;/Link&gt;&lt;MachineTask campaignMapUUID="bafae380-7b41-4f87-bd76-da50fc261e78" id="18" name="Decrease count of simultaneous runs fast bsh m" taskUUID="4397582c-4c04-4e86-8344-9ffe2d00bba4" type="machine_task"&gt;&lt;mxCell parent="1" style="machine_task" vertex="1"&gt;&lt;mxGeometry as="geometry" height="60.0" width="160.0" x="896.0000305175781" y="240.20001220703125"/&gt;&lt;/mxCell&gt;&lt;/MachineTask&gt;&lt;Link id="19" name="" outcome="ApproveAll" outcomeId="ApproveAll" ruleUUID="94780a9b-eb19-48dd-a8ad-88a3ca9a8b2f" type="link"&gt;&lt;mxCell edge="1" parent="1" source="18" style="link" target="3"&gt;&lt;mxGeometry as="geometry" relative="1" x="0.5" y="10.0"/&gt;&lt;/mxCell&gt;&lt;/Link&gt;&lt;/root&gt;&lt;/mxGraphModel&gt;</compositeStructureXml>
                            <compositeWorkSetting>
                                <category>
                                    <automation>false</automation>
                                    <description></description>
                                    <enabled>true</enabled>
                                    <executingType>HUMAN</executingType>
                                    <name>Other</name>
                                    <private>false</private>
                                    <publicId>dd92f240-144b-4fef-8476-4ec0acbc1104</publicId>
                                </category>
                                <contentType>BLANK</contentType>
                                <description></description>
                                <enabled>true</enabled>
                                <name>Miscellaneous Tasks</name>
                                <publicId>26e6e095-00bb-43fa-8c34-af0b18e71a66</publicId>
                                <version>
                                    <componentUuid>26e6e095-00bb-43fa-8c34-af0b18e71a66</componentUuid>
                                    <incrementalVersion>1.0</incrementalVersion>
                                    <lastInChain>true</lastInChain>
                                    <lastModified>2017-01-13T05:06:54Z</lastModified>
                                    <versionUuid>26e6e095-00bb-43fa-8c34-af0b18e71a66</versionUuid>
                                </version>
                                <automationQualityThreshold>80</automationQualityThreshold>
                            </compositeWorkSetting>
                            <description>Business Process description</description>
                            <executingType>COMPOSITE</executingType>
                            <goldBucketBlockSize>0</goldBucketBlockSize>
                            <goldRatio>0</goldRatio>
                            <goldSource>Empty</goldSource>
                            <goldType>Percentage</goldType>
                            <moderation>false</moderation>
                            <origination>CREATED_AUTOMATICALLY</origination>
                            <requiresData>true</requiresData>
                            <status>ACTIVE</status>
                            <streamComplexRunThreshold>1</streamComplexRunThreshold>
                            <streamTimeInterval>Immediately</streamTimeInterval>
                            <streamTimeIntervalValue>0</streamTimeIntervalValue>
                            <streamValueType>Tasks</streamValueType>
                            <title>Monitoring process</title>
                            <type>COMPOSITE</type>
                            <uuid>f9d66f6b-440b-4666-bba6-3c248c8ec4ce</uuid>
                            <validWorkflow>true</validWorkflow>
                            <version>
                                <componentUuid>234ca536-7835-4086-8aa1-d8486f17b7bb</componentUuid>
                                <incrementalVersion>1.90</incrementalVersion>
                                <lastInChain>true</lastInChain>
                                <lastModified>2018-10-08T09:23:03Z</lastModified>
                                <versionUuid>b35828f4-24d5-4c77-a902-b9b2f3e3e895</versionUuid>
                            </version>
                            <workSettingBase>false</workSettingBase>
                        </campaign>
                        <description>
                            <automationType>NONE</automationType>
                            <dynamicTaskRenderingDisabled>false</dynamicTaskRenderingDisabled>
                            <goldRun>false</goldRun>
                            <qualificationTraining>false</qualificationTraining>
                            <stepDescription>{}</stepDescription>
                            <streamingValue>1</streamingValue>
                            <streamingValueType>Tasks</streamingValueType>
                            <taskParams>{"values":{"DESCRIPTION":"","NAME":"Get documents fast bsh m"}}</taskParams>
                            <uploadResultsType>CREATE</uploadResultsType>
                        </description>
                        <executingType>MACHINE</executingType>
                        <forceComplete>false</forceComplete>
                        <forceCompleteIdleTime>0</forceCompleteIdleTime>
                        <forceCompletePercent>100</forceCompletePercent>
                        <mixStrategy>
                            <additionalRows>0</additionalRows>
                            <blockSize>1</blockSize>
                            <goldItemSize>0</goldItemSize>
                            <goldPercentage>0</goldPercentage>
                            <goldRatio>true</goldRatio>
                            <mainRows>1</mainRows>
                            <repeated>false</repeated>
                        </mixStrategy>
                        <purged>false</purged>
                        <recordProcessingStatus>COMPLETED</recordProcessingStatus>
                        <recursiveCount>1</recursiveCount>
                        <rootRunUUID>ce36f0f6-79ee-466e-b6b6-1e4af046c78c</rootRunUUID>
                        <runType>SIMPLE</runType>
                        <tags></tags>
                        <title>Get documents fast bsh m</title>
                        <uuid>ce36f0f6-79ee-466e-b6b6-1e4af046c78c</uuid>
                    </run>
                </runs>
                <automationUseCases/>
                <automationInfo/>
            </project>
            <hashCode>628530144</hashCode>
        </objectContainer>
    </objects>
</objectListWrapper>
